feature1,feature2,feature3,feature4,target
0.4967141530112327,3.0990331548790033,-0.37157404349748946,0.3601373759277892,1
-0.13826430117118466,2.386950524369153,-1.7359606234390337,0.8287569932812717,1
0.6476885381006925,1.0894455548802613,-0.6047178641220827,1.6286456581731286,1
1.5230298564080254,0.029594833441639157,-1.5560076048347407,0.14751266313471897,0
-0.23415337472333597,2.047334970420385,1.2329408400368886,0.8691664415363629,0
-0.23413695694918055,1.5902280781326243,1.790752103857883,0.704225843728193,1
1.5792128155073915,2.3427898300415984,-1.7107340989682456,0.1555769468113575,0
0.7674347291529088,1.9527577025229543,1.8204608291668056,0.9781621077519033,0
-0.4694743859349521,2.574329072979003,0.09030639734698065,0.31971009457124444,1
0.5425600435859647,0.197147182659148,-0.8017372881845044,0.669107109694989,1
-0.46341769281246226,2.9760910984514886,-1.692551698895346,0.08585458191010802,1
-0.46572975357025687,1.2963994070385993,0.0024970722816712865,0.6154161715059916,1
0.24196227156603412,4.112891308937899,1.1780621779629947,0.3659513629547137,1
-1.913280244657798,-0.03378172713435168,0.8283459090667926,1.728115661144482,0
-1.7249178325130328,3.603945704747874,-1.799095954144105,0.05866643774561698,1
-0.5622875292409727,1.2968661751939716,-1.708392658528386,0.5423288036950722,0
-1.0128311203344238,0.022872994578327477,-0.38850686946945157,0.6132855799895035,0
-0.9080240755212109,0.5194790377085198,-1.0704627077758087,0.8539912195648273,0
-1.4123037013352915,1.6362489196028747,-0.8759820043651456,1.100250641618203,0
1.465648768921554,1.7842532320532494,1.2139309731875385,1.5008045438400286,0
-0.22577630048653566,0.13944999409213144,1.7169122145274156,1.981973500157835,1
0.06752820468792384,0.9634681116085257,-0.3795892218897343,0.3766961760656641,0
-1.4247481862134568,4.2134055379177955,1.6244440085299883,0.7722395349174068,1
-0.5443827245251827,3.591314755151067,-0.7140171950084722,1.8332571822396362,0
0.11092258970986608,1.6544855045110483,-0.09425205462483355,4.551736625285726,1
-1.1509935774223028,1.0570052172523003,-1.0958840087360011,2.2029145338737806,1
0.37569801834567196,1.180046990077392,0.5619041687033759,0.4643671642007787,0
-0.600638689918805,1.920276959095625,1.9159244606992356,0.217119876648513,0
-0.2916937497932768,-0.5341888477976084,0.41397238417351456,0.6721541589399757,0
-0.6017066122293969,0.6139351938649824,-0.5687436635458045,1.35340693726407,1
1.8522781845089378,-1.5028761108163842,0.5912697839621135,0.6783946773351387,1
-1.0577109289559004,1.9707939095541116,1.5546363210615946,1.821582308609865,0
0.822544912103189,0.275220306550939,0.012335803119345456,0.4484829164564948,1
-1.2208436499710222,3.3609801449350494,-0.20260103184143174,1.9646473223044423,1
0.2088635950047554,-0.838648494503512,0.34345915381407677,0.5222317620615013,1
-1.9596701238797756,-1.1965623203147304,0.4991354511576098,0.39784388208687815,1
-1.3281860488984305,1.336677727839958,-1.7128967750939479,0.6051178257517129,0
0.19686123586912352,2.570647453918232,0.7304688848936096,1.4373643485470058,0
0.7384665799954104,3.525891537186803,-1.0322732787378817,0.13467722353981307,1
0.1713682811899705,0.31167360569659,0.8558105300263592,0.21867755856222415,1
-0.11564828238824053,2.6180212501469433,1.290139177536787,3.0250545124385475,0
-0.3011036955892888,0.9422372957489392,1.2158340302100812,0.1929679822509712,0
-1.4785219903674274,0.7410590500887706,0.21000386963155648,0.8386986813733884,0
-0.7198442083947086,2.3254899062300085,0.08067956924300468,0.865869676098229,0
-0.4606387709597875,1.9784843176201294,-1.4284961546423531,0.672608475314532,0
1.0571222262189157,-1.3645882354763739,1.1013846016125424,1.0349201372226418,1
0.3436182895684614,3.2148105245888434,-0.9143624782131425,0.2611397580185179,1
-1.763040155362734,3.0701370312211775,-0.013218308728213835,0.8044414165829487,0
0.324083969394795,0.06165594773570593,-0.8629036282899332,0.46549103472808173,0
-0.38508228041631654,1.5937053001561137,-1.4646865480012274,1.083725428774483,0
-0.6769220003059587,1.7410452794241082,0.5182307875669463,0.1522466276210457,0
0.6116762888408679,1.3910106487358607,-1.7826718607083847,0.8460126592375629,1
1.030999522495951,0.17454226923186988,0.9945809365048,0.20489894517069904,1
0.9312801191161986,-0.0074350519070773835,-0.7296528189555334,0.3266212061051413,0
-0.3092123758512146,2.7590935288890472,0.044516556948919206,0.2019176479796174,1
0.33126343140356396,1.8154002318916485,-1.8125923658895875,1.747040160103516,1
0.9755451271223592,0.4440785018708411,-0.8953217687164021,0.3364628313906887,0
-0.47917423784528995,2.157548065972517,0.8279059498228647,2.6189929190405374,1
-0.18565897666381712,-3.272813930945113,-1.7492415135125365,3.504111736452182,0
-1.1063349740060282,2.723148550558155,1.3573539694240093,0.8469057004785138,0
-1.1962066240806708,-1.6095706681671493,-1.9847203093656676,0.15431867038022862,0
0.812525822394198,0.4563385878953018,-1.012704523192391,0.4692810797548315,0
1.356240028570823,-0.6795048419392158,0.9636162246082858,1.5981630302172873,0
-0.07201012158033385,-0.9420222135813585,-0.7349194010827729,0.4579023123486684,0
1.0035328978920242,2.741240181067779,-1.5924304477359459,0.09103825760420156,0
0.36163602504763415,0.29844819803216294,-0.5590643247982885,0.8137000983889578,1
-0.6451197546051243,1.5197558225960737,-0.9184268544618979,1.8651101532481331,1
0.36139560550841393,0.9296191316812239,1.3708476086422197,1.58927450289189,0
1.5380365664659692,1.715561240834682,-0.7466083296594275,0.192521164552017,1
-0.03582603910995154,1.115232836590383,1.155729887104029,1.1170755334398084,1
1.5646436558140062,-0.9244883362828544,1.567488579242939,0.24910805994845783,1
-2.6197451040897444,2.49440022917071,-0.2647303216938819,0.24616596311174432,0
0.8219025043752238,0.25936512525803124,1.639772575417568,2.0720431637373578,1
-0.29900735046586746,0.3578272585511313,1.8563136659604327,0.3055030557664905,1
0.0917607765355023,3.2511396859514665,-1.6428419018977083,0.0006536043140703691,0
-1.9875689146008928,2.2753326131702396,0.748077066012971,2.0453805332887223,0
-0.21967188783751193,0.47702179838821124,-0.024743838172285315,1.5730809748645833,1
0.3571125715117464,0.47611344352235685,-0.44940477817741176,0.9870591119225869,0
1.477894044741516,0.5175474231739261,0.5308475149944036,1.3873579823197975,0
-0.5182702182736474,4.115121975341261,0.8154283665373248,0.16493191773662982,0
-0.8084936028931876,1.57290317834733,-1.9825469213987637,0.6130864938250955,1
-0.5017570435845365,1.6450624707866044,-1.3321876450112051,0.4326606584843427,1
0.9154021177020741,2.5454251810477633,0.8521842025372748,0.09846934359420757,0
0.32875110965968446,1.3581837385397701,0.6655416543128259,0.6657859080413011,1
-0.5297602037670388,0.6114367812689453,1.8641900205147088,2.535017279705927,0
0.5132674331133561,0.7054752263725326,1.044151161003132,0.040883578760998976,1
-0.7020530938773524,2.09144431545547,-0.8077911654422274,0.27200120069694395,1
-0.3276621465977682,1.0779188287109491,-1.578540310996574,2.3907012823846583,0
-0.39210815313215763,2.0989601158233686,1.1272954533797424,0.6312415992576712,1
-1.4635149481321186,0.8789251298371266,0.5765968859036636,0.6279202956612405,0
0.29612027706457605,1.1179527854741358,-1.807255950426815,1.4295177469038651,1
0.26105527217988933,-1.9973010267981612,-0.5597981363960867,0.16781789011229847,1
-0.23458713337514692,1.519732713846989,0.0016045828408048912,0.5620929783514891,0
-1.4153707420504142,2.4970151647894783,-0.26908345592118144,0.9085971300409066,1
-0.42064532276535904,-3.3443830672905337,-0.1692015793628241,7.72352952206246,0
-0.3427145165267695,4.132562057171091,-1.164469103979345,1.4672827234727734,0
-0.8022772692216189,0.7906155577672394,-0.5251713165408192,0.5072747738643459,1
-0.16128571166600914,2.662274225106275,-0.5207469760512935,1.7576656392285077,0
0.4040508568145384,-0.5598588906882962,-1.7905799192501104,0.18718339236116804,1
1.8861859012105302,1.9191608575938546,1.070270514071673,0.030937348898737213,0
0.17457781283183896,-0.5801233447604841,-0.3339822723844841,0.22871953383094623,0
0.25755039072276437,0.06434655895629238,1.2887195472656932,0.41613920833230833,1
-0.07444591576616721,3.871047030800179,1.4013920044795816,0.7145358101105604,0
-1.9187712152990415,0.7139763988549801,-1.1520237812053677,0.9548474309407133,0
-0.026513875449216878,1.3261493097695842,0.6294139286805143,2.414698549791932,1
0.06023020994102644,2.3051015960331314,-0.11087278334807316,0.7130519925597377,0
2.463242112485286,1.7435228319589071,1.5206269516859403,0.6957017298959527,1
-0.19236096478112252,1.2256283577153646,-1.1370372832941835,0.05154912692356864,0
0.30154734233361247,1.547441503699338,0.7112528012401769,0.03553552656471498,1
-0.03471176970524331,4.605123377857413,0.4310084890108903,0.8010887173364689,1
-1.168678037619532,0.9135718044496219,-0.8187940897126689,0.5765712967708981,1
1.1428228145150205,1.3016485700724512,-1.4535963853953096,1.8274720079048132,0
0.7519330326867741,2.575981594011418,0.6065590419091063,0.1751627440045595,1
0.7910319470430469,2.6582888994369758,0.9543898325293227,0.02528874391132039,1
-0.9093874547947389,2.78054545834057,-0.7374906249466,0.5960908315243777,1
1.4027943109360992,1.958095333043777,0.5793304160892552,0.27112464860387325,0
-1.4018510627922809,-0.7145073690957253,-0.4194763695539869,0.050887453950698776,1
0.5868570938002703,3.450147298451644,0.8528275331304709,1.2895244721100856,1
2.1904556258099785,-0.719518089528032,-1.2031389004237876,0.11832530761115029,0
-0.9905363251306883,1.4539531978585498,1.5608600105446975,0.9373088225665996,0
0.09965136508764122,0.9037924801105112,-0.5288560489753884,0.19055058297267247,0
-0.5034756541161992,1.4931436154552207,-1.7676321916786009,0.4776351117446678,1
-1.5506634310661327,1.4820358231754096,-1.5539511507148944,1.6166930485158284,1
0.06856297480602733,1.632881131352927,0.0634476108493125,0.49773431824375536,1
-1.0623037137261049,3.4205669035879707,-0.929629293088114,1.3893777065919564,0
0.4735924306351816,1.6803014522709696,1.3419209029687775,0.1340873148911332,0
-0.9194242342338032,0.633765047064027,-1.9412264453801846,1.4817988063188636,1
1.5499344050175394,2.446130752432536,-0.48362380531225524,0.2704098660721168,0
-0.7832532923362371,2.784205733386961,-0.6506178129236293,1.1313208174510563,1
-0.3220615162056756,-0.8414117227054887,-1.9226894763295959,0.8342075416502618,0
0.8135172173696698,1.8961001047747872,-1.5025264039979591,2.6471157526284794,0
-1.2308643164339552,2.0517591134663475,-0.34542930032545893,0.48991661196656366,0
0.22745993460412942,0.5536547449600121,-0.02854166221021348,0.06845571810228017,0
1.307142754282428,3.063560219967429,-0.3828410109805236,0.019341328972891515,1
-1.6074832345612275,0.7749166194512099,0.12375071364837531,1.7536464518784254,0
0.1846338585323042,1.1883646802073133,0.3805266996227261,0.7438840774735607,0
0.25988279424842353,0.7403922635741955,-1.9603047154886575,1.492740140285175,0
0.7818228717773104,1.0233685713722014,-0.14361936218598448,0.267128877244031,0
-1.236950710878082,-0.6444126303428028,1.8539969635503533,0.4232479072665227,0
-1.3204566130842763,-1.1600763238914418,0.07612912051819487,0.03056629797262721,1
0.5219415656168976,3.3917575948374585,0.7101690698358127,3.256897695846931,0
0.29698467323318606,-0.2704420224774917,-0.7525445683324672,1.1022225178123868,0
0.25049285034587654,-0.4870885241844607,1.0959655126110501,2.7061283654016366,0
0.3464482094969757,-2.230085170405572,1.0916859275044604,0.30856039220123194,1
-0.6800247215784908,0.0415573784657467,0.0851841906165558,0.9453684487618945,0
0.23225369716100355,-0.9846346901112475,1.9040552931168544,1.1347576366812573,0
0.29307247329868125,3.4630227402045537,-1.4977991409493865,0.3820655754648315,1
-0.7143514180263678,2.514725634013951,-1.932209340441676,1.8845936679081952,0
1.8657745111447566,-0.032225517766585554,1.080632847028384,2.9405144851815086,0
0.4738329209117875,4.378653708016463,1.2286221494595302,2.161564097437392,0
-1.1913034972026486,2.4726482304873914,-1.519171083517695,1.3434915173846713,1
0.6565536086338297,0.5127529247370664,-0.9376686681655757,0.3249889739966056,0
-0.9746816702273214,-2.7491085723103597,-1.9297905465334844,0.33075109256868385,1
0.787084603742452,4.436413858886112,-0.8267655568777412,3.3066234850124303,1
1.158595579007404,-1.084358700145394,1.092567495674686,0.010337746784078452,0
-0.8206823183517105,-1.4680981204353376,0.07184211085031578,1.2589570184243082,0
0.9633761292443218,2.5338556480144603,-0.6076176273268477,1.2250131499674364,0
0.4127809269364983,4.659628609508909,-0.5130428203746789,0.9746869316163284,1
0.82206015999449,3.0764092277657773,-1.9945854971381274,4.616114465417971,0
1.8967929826539474,1.8458636800785393,-0.8007978897390564,0.3737912176857879,0
-0.2453881160028705,1.892131512497929,0.585834966551722,0.4154728142540341,0
-0.7537361643574896,2.2801233381704615,1.8967777752654285,0.08222945004491383,1
-0.8895144296255233,2.1383928846801474,1.388243307935598,0.5848276927599995,0
-0.8158102849654383,1.4217871359540637,-1.9056201414178835,0.3025230249191164,1
-0.0771017094141042,1.156301655927814,1.5942424186993573,0.4206600215727315,0
0.3411519748166439,0.9061103081507164,1.1327936531945038,1.7992179562535264,0
0.27669079933001905,-0.13094688330001447,1.1215044942839216,2.7408499836509828,0
0.8271832490360238,0.5789873846998389,-0.16801696398571409,0.20546704536450705,0
0.01300189187790702,-1.5394352212930782,-0.4079788281819887,0.4660258416288361,0
1.4535340771573169,0.8524905598078751,-0.7883370846672295,2.639885542104075,0
-0.2646568332379561,-0.4828866607263762,-1.737220564182537,0.06380115113017133,1
2.720169166589619,-0.6553839758236564,-1.0870585460252036,0.09690803662038801,1
0.6256673477650062,1.2698412267302177,-1.0135854600879015,0.1776815254560648,1
-0.8571575564162826,3.088003429516899,-0.06369172115919364,0.9043938663703712,0
-1.0708924980611123,2.3774749090034693,0.9897776263867759,0.16307469685607884,0
0.4824724152431853,-1.3557509054347654,-0.10476068640821357,3.4444091497533775,0
-0.2234627853258509,-0.4844422048555064,-1.7686222022113576,0.5918811850860887,1
0.714000494092092,2.411156781982324,1.8311592039528155,0.6961877190159892,1
0.47323762457354485,-0.4737310903074645,1.770897276376449,0.2832367884570469,0
-0.07282891265687277,0.6630502750044631,1.1407581725936335,0.6366917127720769,0
-0.846793718068405,1.8250781485368277,1.9653116062568823,1.0844538913974355,0
-1.5148472246858646,-0.45251668229545294,0.1779293312010517,1.3910140290675084,0
0.8563987943234723,-1.0010382423773065,-1.697579837532997,0.8624919714380527,1
0.21409374413020396,0.0979485340731795,-0.5372770069545147,2.347161783758407,1
-1.245738778711988,1.4796729012138055,-1.0984749279729367,1.7005002871341646,0
0.173180925851182,-1.389490600297504,-1.2166676634629199,1.4148918581217476,0
0.3853173797288368,1.6607121069405983,-1.4367882044292957,0.05721132054820683,1
-0.883857436201133,0.9705433016099781,0.4896545662639866,0.006901724421494768,0
0.1537251059455279,1.8287349316257218,1.1252874229892202,0.2388249609303227,0
0.058208718445999896,1.3358712010969922,0.3131935976814426,1.0892272479973313,0
-1.142970297830623,3.0462106449607664,-1.4121491616471613,0.5296644467711059,0
0.3577873603482833,1.1878367539718608,1.2444950797338836,0.5148441192801495,0
0.5607845263682344,0.3558916883121206,0.5438188286549139,2.1592373111684346,1
1.083051243175277,1.1834462545484257,-0.4473371754920179,2.2591698060308953,0
1.053802052034903,1.8149470435545818,0.6965211821442518,2.398823608157773,0
-1.377669367957091,1.0732901054885564,-0.9603800830286686,0.37669993602088275,1
-0.9378250399151228,1.0608875368058235,-0.619231166023158,1.174594642150482,0
0.5150352672086598,-0.05298753171013315,1.6699433725279609,0.3169504858103928,1
0.5137859509122088,0.005648623673577768,-0.8379819773143184,0.21147419521121358,1
0.5150476863060479,-1.1039079076995404,-0.12004692736825362,0.20411629481893115,0
3.852731490654721,3.6243651147804092,1.5605645495840585,0.4187139185772695,1
0.570890510693167,-0.8657948530869275,0.8308854010701099,0.5620445696539887,0
1.135565640180599,-0.03935779669386097,-1.751187095341189,1.7775558462914232,1
0.9540017634932023,-0.0776108983537962,-1.4107878228841186,0.1277096217498297,0
0.651391251305798,2.342386565416662,-1.9686336369123327,1.3277456709872089,1
-0.3152692446403456,0.5575754825619583,0.5236871609166536,0.7581229475460697,1
0.7589692204932674,2.8716131090106005,-0.2093062983583267,0.3396006046120076,0
-0.7728252145375718,-0.010235936365802889,-1.4629005963908979,0.6788884896425268,0
-0.23681860674000887,1.418491243335703,1.8317364842270818,0.35659218990154595,1
-0.48536354782910346,-0.2530205798896361,0.11863889578247955,0.906543281100516,1
0.08187413938632256,4.217723691660082,-1.0324268235484433,0.5688854841195724,0
2.3146585666735087,-0.7813976285442692,0.002414284618830198,0.17961186621831354,1
-1.867265192591748,1.4647310653405412,0.7184813309404312,0.12395802056890229,0
0.6862601903745135,1.9506653213981477,-1.695043128105742,0.7911915955394043,0
-1.6127158711896517,1.6206986461772472,-0.9011847398084321,2.3270113322475052,0
-0.47193186578943347,0.7220685116834376,1.2278619635359744,0.4215299899195753,0
1.088950596967366,0.8052689503998607,-0.16134051838935504,1.3205070221648265,1
-1.0777447779293061,0.7794969975572671,-0.268735991162123,2.681723523973739,1
-0.7153037092599682,2.4458186751923643,-1.8244002294279795,1.7202634301559865,0
0.6795977489346758,4.315784502387027,-1.3370008807193763,0.8361063240224008,0
-0.7303666317171367,0.16376232248824962,-0.2178334450324364,1.0701137519038946,0
0.21645858958197486,-1.054704469368617,-1.1632581383682887,2.286578549795433,0
0.045571839903813784,0.8675769274731178,-1.800083885361285,0.5100239195282881,0
-0.6516003476058171,4.869564006481478,1.374598656207295,0.3957049525516926,0
2.1439440893253257,-0.2055118519545962,1.9247701166564632,0.010869948043014716,0
0.6339190223180112,3.458675208166101,1.1725714959869578,1.7518720986755771,0
0.18645431476942764,0.16961763743800806,-1.0320914787318185,0.11032226937987565,0
-0.661786464768388,1.853474618777913,1.842507902052799,0.8600459963188796,1
0.852433334796224,3.4425949346928073,-1.2122971821862865,0.6235869732832385,1
-0.7925207384327007,0.4313083885187694,1.805719241447329,0.12636750948930697,0
-0.11473644146689901,0.6946294598464573,1.9792771758638041,3.940845772237502,0
0.5049872789804571,0.12747862907703444,0.846891222984195,0.24168423171619907,0
0.8657551941701215,-0.5221350960393003,1.9245749271672876,0.06960110652141278,1
-1.2002964070557762,0.02608368240098935,0.27815911826841466,0.9034914421262091,0
-0.3345012358409484,-0.8359104001433848,-0.9618328672956387,1.3427241864990604,0
-0.4749453111609562,1.051125202388839,-0.25201645733751654,0.03298140208855304,0
-0.6533292325737119,-0.1549598465879627,0.37424374151514384,1.0750451054100307,0
1.7654542402810969,1.3506788676861214,-1.70767375189194,0.7599108441883163,0
0.40498171096095553,-1.333843469305441,0.4893730584689844,0.10899489967668832,1
-1.2608839543350452,1.4963203483216856,1.9247113470491781,0.18937502646305826,0
0.9178619470547761,2.250293442413387,-1.2395694008650895,0.839270195554383,1
2.1221561970126332,-1.990603463857183,1.1703804651535332,0.3514850256269303,0
1.0324652605511468,1.5610848547713583,1.6315951751184774,2.7857263019839533,0
-1.5193699659540134,2.841503488709938,1.7748063712808833,1.7078240804053528,1
-0.48423407286625136,-0.8144615280368082,1.8405424176217888,4.108476337871201,0
1.2669111491866227,3.508858580256555,0.08583855488588776,0.3006603794543842,1
-0.7076694656187807,1.6285285140490677,1.9092316319660148,3.4973878311233983,0
0.44381942814622843,-0.057517783637613284,1.0292408285377554,0.5642859483130849,0
0.7746340534293368,0.916346383513441,-1.3533142550521524,0.426972945278714,1
-0.926930471578083,1.8374903687825836,-0.09239957412812005,0.051661285213504896,0
-0.05952535606180008,1.1140080871186173,0.8733247014880159,0.05420833674506548,1
-3.2412673400690726,1.8081339886695538,-1.0106387367236667,1.177692041957704,0
-1.0243876413342898,-0.3810103896190493,0.5624607341955494,0.612358279543819,1
-0.2525681513931603,1.254041236054117,0.6664019161864769,0.25685756803615134,0
-1.2477831819648495,-1.1205717453574704,-1.3492010247657364,0.9518409858574385,0
1.6324113039316352,0.8331609079769495,0.26034124981102513,0.2915001764766147,1
-1.4301413779606327,-0.3558614621971845,1.0865076439144308,0.8618777254207312,1
-0.44004448669698376,-0.10329491388464973,-0.004417341856232326,0.4450515334189824,1
0.13074057728609134,2.854139762815656,-1.9515875328955703,1.7347303478796616,1
1.4412732890661155,2.6369651808914036,-1.9638461236828313,1.718673486256617,1
-1.4358621511794394,1.9137071813607656,-0.5718826241199513,0.6488440167417792,0
1.1631637521549596,-0.6384691470088684,1.704776273727128,0.4320438789798166,0
0.010233061019587049,0.5253873254577971,-1.085292881585565,0.45029480487298235,0
-0.9815086510479509,2.819646549968775,0.5374547554867486,1.6384266843651192,0
0.46210347426327075,1.2125753704598572,-1.1116965172267177,0.39776406162965156,0
0.19905969557347003,4.478994309972541,-0.7133200413618055,0.23453237560803508,0
-0.6002168771587947,1.5899767590915577,1.392168358405936,0.08849066172868149,0
0.06980208499001891,1.2880736747350474,0.9154457690797875,0.6286582623108428,1
-0.3853135968617602,0.5363253036962479,-1.6184028907471575,0.6580350864648464,0
0.11351734525124804,1.2003113571734234,-0.2851919160542655,1.838277093112653,0
0.6621306745210467,0.7712952454291842,-1.8833209454189421,0.2500506939887871,0
1.586016816145352,2.0621630150328856,-0.07643941358796402,0.47963590893067326,1
-1.237815498826849,2.435053475191876,0.6497360468042723,1.6523753663662522,1
2.1330333746562666,-0.1789841907619243,-1.5259895056073938,1.7351349921511565,1
-1.9520877995225019,-0.9968494303366671,-0.8444602443633373,0.48550081427170977,0
-0.15178509503558332,-1.754308059654945,-0.4086534979913723,0.6145652746364185,0
0.5883172064845765,1.7619869903688155,1.678124098624199,0.3613801257506368,0
0.28099186773503265,-0.6550499092608104,1.973020061691856,2.6964410253979043,0
-0.6226995198205938,-2.2293358894287243,-1.8203548040175366,0.12629338260806694,0
-0.20812225035727522,1.5828679067964462,1.0440316939815681,2.7143111047419586,0
-0.4930009346588328,4.739499276149186,-0.5131037343906271,1.1515905339000008,0
-0.5893647569442115,0.9908936326901601,-0.43016725508207987,0.7583731970333133,1
0.8496020970210246,2.257736161677463,1.0170598933880908,0.03320427150562829,1
0.35701548596504734,1.1227440378213476,1.6737057285816346,0.6454932651471988,0
0.8995998754332507,2.378614724481653,0.30849034415328314,0.17580540745327075,0
0.30729952087660933,0.564588183717023,-0.5715153627979888,1.0683050389153042,0
0.8128621188389601,1.4010884711078544,1.150196343435117,3.545676737763038,1
0.6296288419236122,1.4825467092940205,-0.995994466950799,0.8259675370352235,0
-0.8289950109220723,-0.002135680464573131,0.25629611533407104,1.2544007765248353,1
-0.5601810401969696,2.488063524304784,-0.5656861539005074,0.0709058993363171,0
0.7472936051232618,0.737560364956887,0.6265242948315044,0.5407128227430151,1
0.6103702654334648,-0.133617739239267,-1.0384043484259724,0.12370382479666217,0
-0.020901593964148132,1.8047647653556054,-1.233628217060697,0.9488031683082929,1
0.117327383308782,-0.347701972686556,1.6729563467017483,2.7884280359045825,0
1.277664895788425,1.0422717360536924,-1.5927852682018524,1.0840520033830263,1
-0.5915713888358299,0.9863215050336946,0.023831630939726622,0.07991268513412317,0
0.5470973811700379,2.6288433487473672,-1.1165888681479643,0.4379875843983029,0
1.09877685198719,2.2266494488004307,-1.2991129115766906,1.7936252716063068,1
0.8254163489880298,3.08531132352597,1.467081418024001,1.6856226803821805,1
0.8135096360006385,1.8367154595277935,-0.8700850240918934,0.9463145189701982,1
0.02100384163275905,-0.9677543485252393,0.3264891719567742,0.29482267097022935,0
0.6819529712949639,-0.5976704946130589,-0.25354324092493563,0.111908930035361,0
-0.31026675659345604,0.5421629434679985,0.3203553386778184,0.4383463445134082,1
0.3241663524884421,0.08573169676107528,0.06679354090507106,0.5330243987856997,0
-0.13014305436768459,0.719543045521831,1.0351050150293006,1.1264653850249828,0
0.09699596499271819,1.0849748873456608,-0.870015736108591,1.0734119736562513,0
0.5951570254369136,1.7945391315350963,-0.5877984335987905,0.07268697877993113,1
-0.8182206832334725,0.8942518329113631,1.576377210133003,0.5029555333827072,0
2.0923872756854602,1.7297524657393029,1.7858260526016219,0.20062264543779218,0
-1.006017381499702,1.0967116222151803,1.570232909945898,0.17056616928390106,0
-1.2141886127877322,-1.963199849530807,-0.3222080241707457,1.7562117417196361,0
1.1581108735000678,-0.40900309072813146,1.1214620120275267,0.04281900463101456,0
0.7916626939629359,0.7838686664175768,-0.09465706679560482,0.5433193322665865,1
0.6241198170521551,-0.8145421142616613,-0.009840591415591238,0.18416764668961785,1
0.6283455092642799,1.8998930949943067,-1.1812795637708642,2.1146975192395194,1
-0.012246772846914623,3.296126248515546,0.3645212130340658,0.814276965207114,0
-0.8972543714858315,2.828142777545975,-1.2554564089866083,0.2631594078000812,1
0.07580455819372633,0.679835693604688,-0.6737412037312249,0.6980135766138083,0
-0.6771617115121117,3.236089205274928,1.4201208064797406,1.314853564472995,0
0.9751197334177512,1.2230011858031673,-1.1716967631565791,3.1728993515940025,1
-0.14705738150213865,0.494371043322941,-1.7153668593062688,0.24903332315328372,0
-0.8254971967925115,0.07989600468859037,-1.7239696295487348,2.1731525955061657,0
-0.32138584165299344,0.5462954702678076,1.7631380820124316,2.7227189759620636,1
0.41293145427562433,0.4177347721881568,0.027681751847338454,2.4819575370836895,0
-0.5637245528039747,1.2556243335632316,-0.3623517127319267,1.0089937945340157,1
-0.8222203955664315,1.240860971574797,1.2435143240316737,0.9937676730375314,0
0.2436872114919123,1.0045690302301218,1.343303711642064,0.5161910472483326,1
0.24496657110872277,1.6554072546195249,-0.6712358675375816,1.3959321853156543,0
-0.5069431753711298,2.785969412179512,0.7744722298951809,0.7577796119222651,0
-0.4710383056183228,2.4243312031619855,1.0844912634075463,1.1314601339820856,1
0.2320499373576363,-1.2273469526748553,0.618602747463818,0.5594171394027411,0
-1.4480843414973241,-2.830881702352932,-1.3936197007996025,1.3148911958206362,0
-1.4074637743765552,2.4014798668589106,1.503532334068228,1.7399539563927044,0
-0.718444221252436,-1.0503180476231315,0.1563782109440348,0.15833505482968752,0
-0.21344715171184725,0.6628518971609747,-0.8701102945199852,1.7893406902791593,0
0.3109075655980046,-0.7551695390890392,-0.29908725824922433,0.7771736316917953,0
1.475356216949552,-1.7029706563700295,-1.8497156384043705,1.8621770564349338,1
0.8576596232020194,1.812194092307182,-1.4885327951103298,0.5644052250976835,0
-0.1599385299634271,2.13873274045397,1.0621870020634434,0.47648939302738846,0
-0.01901620790268883,0.13523439890992084,-1.9999534609785354,2.465818778071359,0
-1.0025293646378088,-2.886563438217365,-0.3337366860708313,0.28924231239120246,0
-0.01851313599238993,0.18063332762127593,0.09004072434235377,1.8592612583419812,1
-0.2886586389201383,1.5877060081038197,-1.7814623199961108,0.6616883834996437,0
0.3227185603380895,-1.2183673531611934,1.8923126518893314,0.7217430582178053,1
-0.827230943552323,1.2750398796687334,-1.0954986750013123,0.3688462597889831,0
0.5193465142411723,0.9770352262405066,-0.7832051214548765,0.8510701011270652,1
1.5327389130025777,1.8689372494016325,-0.7842299509798907,0.39335552043998684,0
-0.1087601484568576,1.17937055262123,-1.0783333515306004,0.04006125712272674,1
0.40171172209894146,-0.4596034113223333,-1.9941047116547543,0.31745231505151145,0
0.6901439917111125,2.7948572524967368,0.9173791763519854,0.006399476445828731,0
-0.40122047188583626,0.762205640459545,1.8673819991971414,3.8329709601535242,0
0.22409248181041677,0.9590431907351022,-1.1028260668598198,3.3739872524751435,0
0.01259240078179486,-0.39990193860979417,0.6521887672136897,0.5027835439386897,1
0.09767609854883172,0.33507662321273446,0.9675853078348604,1.3033175780816855,0
-0.7730097838554665,-0.32720407104035143,1.393701516362099,0.42435148585714066,0
0.024510174258942714,0.7405809101148655,-0.3094832119455635,1.111980720548938,1
0.49799829124544975,3.567562720213515,-0.788276377438283,1.6369635047353424,0
1.4511436077950417,-1.0578517143970343,-0.6988194639078755,2.9328747524851977,1
0.9592708260852069,-1.4203420968151117,0.8504853323940513,0.5111794794483153,1
2.1531824575115563,3.206755491240413,1.2671178660225442,1.529232062481517,0
-0.7673475628880495,0.6860144842722008,-1.2735441289735894,0.30914877641552607,1
0.8723206367206782,-0.0036091079898747935,-0.5162359673689392,4.638965239229588,0
0.18334200573835174,2.559857031094115,1.6077607869966002,0.02610745173687319,0
2.1898029332176723,0.09157669039470384,1.226774078778957,0.9251518925039456,0
-0.8082982853551515,3.7390145703204043,1.9394336110499033,1.0773577208048117,0
-0.8397218421807761,2.0168888070089035,1.016993038728323,1.1648981180973006,1
-0.5993926454440222,0.26813288778144595,-0.4272191958883109,0.12827389897000618,1
-2.123895724309807,4.235962319898255,0.36255133597855105,2.789202505589033,0
-0.525755021680761,0.09142761549499245,0.6440570169892812,0.19989500411636574,0
-0.759132661553698,2.1131430580139607,-1.6861767347315042,0.9748562025540377,1
0.15039378647620763,1.448938870609738,0.17798783641546034,0.25189812890208263,0
0.34175597577715944,2.952611934098197,0.8372833138904383,0.3670376186389174,0
1.8761708392158862,3.342266795090279,-1.3307147839957585,0.7906685951447728,0
0.9504238381860503,1.04800622359865,1.1225268697022286,0.5398999119392918,1
-0.5769036556624031,-0.13012680551927525,0.33509112205644653,0.1746219958079338,0
-0.898414671348358,1.6899582144086747,1.8088871427903785,0.1874584107710882,1
0.4919191715065057,-0.016573054628159056,-1.8303108071724332,0.5415336391128354,1
-1.3202332070206422,4.0200808712899345,-0.9386954497781321,1.4158590338737294,0
1.8314587658543537,1.2048029966241063,0.40621551719929627,2.282435926218123,0
-0.4691756521047048,1.2770204587973626,0.8576966562849688,0.4993976847166674,0
-1.7131345290908775,-1.0206894342945447,1.036021130087724,0.10563340146874665,1
1.3538723741654128,-0.4574210577659774,-1.5899361437341022,0.016731677737616527,1
-0.11453984525261789,2.800620861916638,0.0554178568270709,1.0838774297986395,1
-1.594427658794367,-0.5703664740229093,-0.5228769191378357,0.17795404485243713,1
-0.5993750229537729,1.8049791287909294,1.7316994502786884,0.26632879586794567,1
0.005243699718183166,2.7785562319944956,1.3100252794928848,0.023993304648808653,0
0.046980593764742055,2.0784299659976,0.7888375276385471,1.8014898907711345,0
-0.45006547147924364,2.4940715287087247,0.8573065429399902,3.676579254625421,0
0.6228499323474987,-0.13519263285419125,-0.15313542474752362,0.14555716962699086,1
-0.1423794850212935,3.25200047793323,0.7783817090131415,2.0280606331272173,1
0.12029563171189886,0.5159802417367964,0.9159242466232658,2.6099774492099153,0
0.514438834058749,0.623750475317429,1.446763615149381,0.5440849382835793,1
0.7116148780888898,2.992291212773587,-0.903713642631236,0.05194874311459001,0
-1.1246420918378692,1.8343450141009898,1.228283615466812,0.040188688530854166,1
-1.5341141707356223,1.6838316581224113,-1.2190375881740318,0.8531982543531234,0
1.277676821898509,4.2475035173516265,-0.6186321910204486,0.4990537003688611,0
0.33231401197959165,0.034722654429785504,-0.6575581829206292,0.0290709216796071,0
-0.7484865365565536,2.391760192121856,1.9141018735565622,0.8752744977697656,1
1.551151975522523,1.0855196873456268,1.4261488949917074,0.011366895662418233,0
0.11567463429285867,1.4028884182948853,0.8046794463610389,1.5482109221921847,0
1.1792971840638264,3.2927026396187973,0.9082270464615605,0.36590717687223223,1
0.06751848141010895,1.7617536344344356,0.2482911776102843,0.04109078377546741,1
2.060747924881987,1.8074441185744494,1.7883626684340763,0.8875872005714681,1
1.7553408424432044,2.6087610059647033,-0.01496498847055383,0.5069737425165611,0
-0.2489641484790735,0.45257090568567204,-0.4779291605204219,3.6420116453299833,0
0.9715709509543554,-0.25881450100850945,-1.347858652273636,0.7856982277819278,1
0.6453759495851475,-0.5672137910315502,1.144822609044232,0.3219135834366805,0
1.3686315575323487,-1.9495348840640028,0.9377757283023658,1.2359412760671196,1
-0.9649234605801045,4.084310694910483,-0.46257984590346046,0.3167566754287018,0
0.6860514599984393,-0.6548125485825247,-1.8992263441630826,2.3459445897471602,0
-1.7587394864231143,0.5847800501666189,-1.9543280661837055,0.7982156561460809,0
-1.183258512665775,1.461110046713651,0.8147991185162038,0.05189674360981235,0
-2.0392321777601006,2.223605818808945,1.8810284389042282,0.5553371209164526,0
-0.26940683444455776,2.290710232539618,-0.24935468740718614,1.7859575708045603,1
1.502357052096028,0.7493174293203828,0.8194840401735268,0.254013357069355,1
1.6286155455712918,0.6269633107246794,0.18572126431138924,1.6999388921743535,0
-1.7033824393551547,1.736462427457377,-1.7933251133681556,0.10021922286375343,1
-0.05554769889661878,2.1023166790747263,0.019182393218112548,0.597943623578223,1
0.3840654489393073,1.994321903001119,0.8738157892902003,0.41166571061885665,1
-0.03269474809409311,2.7602107862279874,1.4505618845967159,2.0455307122513906,1
-0.08912003951278841,-0.9452479219337699,1.2000139270547256,0.2371485938913611,0
-1.3044695005048532,1.5995319276289623,0.21082830287418108,1.3962167762121442,0
0.6696725488300385,0.02296465931225644,-0.41378527204014715,0.05265616897537501,1
0.36659824609684827,0.20707497737536473,-1.4731398856836257,0.6783282861896274,0
-0.9398797863273552,1.87954602813264,1.4611830356356497,0.5835881534227699,1
-0.5138669173366935,2.8574246071504534,-1.3709071672811386,0.40706816079393754,0
-1.0592135218889516,1.0319073651040924,-0.760848563163603,0.5018201538710777,0
-0.06267909727317188,1.4632495188984458,-0.8398178721502525,0.7548961814804646,1
0.9551423205012383,3.5533224169528568,1.4856561367634171,0.17598252106831833,0
-0.9857260463355437,1.3611297692328526,0.690811976835592,0.8486224532681885,0
0.5040465155178444,4.9025246712705925,1.1867255887654893,1.6369752550973982,0
-0.5302576183724408,1.8482644684473162,-0.9981284048300041,1.4277871213455,1
-0.7928728322623442,-1.6411441387337264,0.49949639842799565,0.16711761040988898,0
-0.10703035995455783,2.130012431656799,0.28698393257499477,0.1616363423177122,1
-1.035242322419374,1.5717375773241666,1.3313215071530844,0.3122130006984853,0
-0.553649305347182,2.9346291311241184,1.6243482419250421,0.44796777407365596,1
-1.1978778925888485,2.0097720269049377,-1.9513729140904528,0.525018503553894,1
1.9647251329163893,0.7923160240243392,0.6960796762351706,1.1384885331551513,0
0.03526355197172861,-0.8364473544340485,-1.792656803521084,0.058350169521379225,0
-0.6997255079925856,0.6864651140709621,0.1954346603094237,0.03528806854202966,0
0.213979910734222,-0.2757806813139503,-0.8494690838252872,0.49743330741297387,1
-0.11232804969082982,0.12921482529291595,-0.7728936019114352,1.1945628575330811,0
-0.22096959953322298,1.8828676066309145,-0.5881659861905737,0.2149712147065439,1
0.6141667000434252,3.5048567565271096,0.4851697961984405,1.0258391190380263,0
0.7575077100473051,1.5920072947344717,-0.6638001373249232,0.3008728737222328,0
-0.5305011476105275,-0.7938245930527765,0.9307962023611216,2.1723124564704275,0
-0.57581824064468,1.666904002330211,-0.38189045770452124,2.2603875099891226,0
-0.275051697151644,2.7949472299684768,-1.7265871987601655,0.352807011587779,0
-2.301921164735585,0.08532564352092664,1.135039369936429,0.26135665243125616,1
-1.5151910621985523,0.7989742499906235,-0.856966701629176,0.5298453101530028,1
1.3668742674445247,1.0220322920937956,-0.26893248160294947,0.2751365446183705,0
1.6449677135012837,-0.1773474696233599,0.7417755328876061,1.115912609817942,1
-0.24903603955637832,1.9724206507657884,-0.6701753714051519,1.7490717991613753,1
0.5765569630557664,0.8185777770883277,-1.7736573754131375,1.1180768936885803,1
0.3112501545435361,1.6292986658605417,-0.5043158119487456,1.7392644465265998,0
3.0788808084552377,-0.33123826670315015,1.7777943307772137,0.5058250843418695,0
1.1195749114345768,0.3438125495148844,0.5669375891942328,0.16997841263755953,0
-0.12791759148076653,2.083572036741657,0.6859165946688277,1.3392235690718926,1
-0.9555404406004258,0.4407502718623495,0.5291286145505594,0.4470287918955937,0
-1.6064463202575725,3.5904457768501077,-1.2040314441622528,1.1125210442012357,0
0.2034636358672231,0.40054572157809654,-0.3266645435908795,0.31559324643349557,0
-0.7563507452843033,1.3370270886278288,1.003759193453273,0.08471906250393826,0
-1.4222537095976742,2.398886247809635,-1.5945084097873634,4.903818230567541,1
-0.6465728842425266,-1.1275485993995478,-0.888588895641151,0.16984156636460163,0
-1.081548003614395,-1.6412132179711638,-0.8947235661365855,4.458561645018778,0
1.6871416350725648,-1.288484471855142,-0.271924289621976,3.7845067171075035,1
0.8816397569494505,2.8938761551407732,1.9214749637687403,1.5789965090618763,1
-0.007972641316617372,0.17221278116132988,-1.7299898132647122,1.0771139295910264,1
1.4799441388900259,4.837298928502379,0.0748039775223801,0.8622928425493258,1
0.0773683076476183,0.15362860201391704,-1.2825412719511582,2.0106735676349174,1
-0.8612842013282637,1.2768269547955555,1.8827061816389765,0.34170121419421207,0
1.5231240772696573,3.3131649288518137,-1.5467859810901432,0.6305127444514089,0
0.5389100436846587,4.009139332238684,-0.385595990553635,0.9659799696762551,1
-1.0372461543264564,4.092255364954597,0.9515399393384247,0.5296525362049009,1
-0.1903386780836082,2.8125493458897135,0.8182177121097811,0.557718882855961,1
-0.8756182533847572,2.5360937887171935,-0.309085452424271,0.4009025337516593,0
-1.382799730964336,1.8887904238017748,-0.6139033281891271,0.8306448666735943,0
0.9261775475316414,2.1675416142499566,-0.4095504857885177,1.9009575256026636,0
1.9094166404701305,0.17322142550719988,-0.9428949473654429,0.2250558511023859,0
-1.3985675738191412,-0.22729832513346082,-1.1786682451728008,2.724683349435251,0
0.5629692366905709,0.9949383138835719,-0.06784120976444008,1.16824425137824,1
-0.6506425691218269,0.7447230662126073,-0.9258649757295707,1.7331503134101565,0
-0.48712538376469605,0.3201579260090872,-0.8501533404109995,0.8123602967116906,0
-0.5923939242388692,2.044581171185073,0.6270242538982282,1.511933330383703,0
-0.863990769679816,2.432957812855766,1.8741493267995688,0.016333058503340644,1
0.04852162794482699,1.132610329437771,0.41454880223750035,1.7058410255599656,0
-0.8309501164110378,3.2162951215828928,-1.6920821317401349,0.040966649862924864,0
0.2704568257798388,-0.7125336712002577,-1.697665544583732,2.206487735485061,0
-0.05023810944913695,0.7095108110804228,1.8056928833822639,4.823667950531431,0
-0.23894804686640975,-0.07523348090420745,-0.8108368387706655,0.34823560154579847,1
-0.9075636620415979,-1.7998049256095898,-1.6317320556700983,0.236125650647291,1
-0.5767713305683327,0.8759789712359511,0.39617834860152623,1.4497171906671587,0
0.755391225825756,0.8173787374250747,0.4945951131610644,0.29172535674715716,0
0.5009171876243808,3.2701746148631967,0.5940192804747526,2.006655002942597,1
-0.977555244798551,1.9462175268321662,-0.9303918885698348,0.10852394977398257,0
0.09933230542922587,-0.5362802364938073,-1.9395572631420999,0.13462364191664372,0
0.751387123371789,3.7811388495012825,1.8600614778178874,3.8704759186803566,0
-1.6694052811213718,2.8315505432880292,-0.99642781723559,1.1203638425948372,1
0.543360192379935,1.8731465552029236,0.70410515221019,1.8765805338753758,0
-0.6626237589458467,0.6602738517252521,0.8265194795148383,0.3920495662842343,0
0.5705986685931593,-0.4391588550852197,0.44002966831794277,1.1285059329816718,1
-0.7632591565425169,0.4416898358934205,-0.7483704231454071,0.9019979306056842,0
-1.804882100664519,2.6331229295562792,-0.9156149849437369,0.9241972061363579,0
-1.6275424378831627,3.8268794589019137,0.39067313081081245,1.1473797006401978,1
0.25972250172148187,0.2667258673205888,1.7869349156935823,0.5604753034927772,1
-0.9043166251044086,-0.6794261499335168,-1.5763767823849695,0.32285711657906513,0
0.6385924587773739,1.211329370366806,-1.3806855496091206,1.4635267886230008,0
-1.6615200622689599,-1.6526590483442773,1.7789450351323186,0.2565354440990672,0
-0.06607979864731657,1.4847515712771722,0.9461409133391703,1.1788065028200192,0
-1.2110161997624567,0.778596120551997,1.5319752993190923,0.2657024996236536,0
-0.6518361078021592,0.3009452471976366,-1.1894694634586274,0.9817100940501913,1
0.047398671316414016,-1.392054600900193,0.35034348443760743,1.3746751943563507,0
-0.8604133652839524,1.7704001598545749,0.8045583776698946,0.24681385680010892,0
-0.38455554422982535,0.20094874050713285,0.7204475417878906,0.06181508730450815,0
1.0062928092144405,-0.754875253565432,-0.36739323653320755,0.14038193897663728,1
-0.5768918695231487,-3.308393319922474,-1.938420433234766,0.931396672432166,0
0.8356921120651418,0.9587276424240456,0.3317042272170525,1.8934361533710882,0
0.5298041779152828,3.4918888218218047,-0.19898301542843866,1.3248277749529014,0
1.4415686206579004,0.3143556151205922,1.8303240603352693,0.4175153909322173,0
-2.4716445001272893,0.09668190945732924,-0.40385872943026113,0.6511004066337759,1
-0.7968952554704768,1.7031613841125357,1.3592064266577069,2.6430991847557532,0
0.57707212718054,-0.4975781587824373,-1.2458375770029955,0.4034244487742304,0
-0.2030453860429927,1.452687849729199,0.6898419921001153,0.6261185135472468,0
0.37114587337130883,2.1491204175770355,1.908027817755774,0.013776881677615843,1
-0.6039851867158206,2.8403998358264615,-1.5924275965082528,0.08512085969485157,0
0.08658978747289992,0.8497688852800709,-1.966720231091232,0.2992036464560498,0
-0.15567723539207948,0.6944893747345512,-0.2656688294695426,0.02824747045872233,0
1.1677820616598074,-0.3169738801348416,-1.6294980677945312,0.9979762963455646,0
0.2544208433012131,-0.24032053105979,0.9935373987049254,0.5558201249895719,0
0.3376026620752022,0.6602816621477099,1.6581946553942357,0.7943943957336257,0
-0.4118769661224674,1.5510482602242672,-0.26391610916496466,0.1919443306061396,0
-0.48760622407249354,2.370376939349874,-0.9651534313782362,0.35088037838894287,0
-0.4325581878196209,-0.20476842602051715,-0.2623867239735609,1.090121859148712,0
0.39445214237829684,3.2390328534392827,0.893791271400004,3.3610940858995066,0
-0.42098448082026296,0.5933145984361469,-1.963783353678516,0.05173209970347977,0
0.2897748568964129,0.9679490584773458,0.35781595793878873,2.210774856810118,1
2.075400798645439,-0.12081751872173507,0.45316673954951625,0.8601022914022198,1
0.8711247034316923,-2.636360390409412,0.550752987583742,0.8299285727291361,1
-0.32602353216784113,2.326068094541575,-1.0319116800764911,0.6937044061968387,1
1.2012139221639448,2.10526584563865,0.856210893512507,0.07191938444906126,1
-0.4080753730215514,0.5780086643226799,-1.6344340546728944,0.09417536086475614,1
-2.038124535177854,1.1004860758373078,-1.2029186541327967,0.918573349211753,0
-1.008086310917404,1.7739088265561491,1.5098801866179277,0.41696888065219995,1
-1.8707919210258557,-1.3438187853298142,0.9548926029062654,2.4921496157845495,0
-0.35151348404130867,0.20642098398055775,-1.945017783954619,0.5218706247737461,0
0.0184183791895517,2.1913970194327406,-1.0064949585207992,0.15464583755069372,1
1.6764373122752827,-0.8814341347538741,-1.1423740680273418,1.2542800359175763,0
0.32692737376416264,1.440336898249944,-0.9167746878521097,0.3472246269556979,0
-0.21910052880886424,-1.0348727069351078,-1.0097609188804544,0.7454310861900855,1
-2.211135309007885,0.9465377765537747,-0.16423793361271866,2.305229698904294,0
0.23561455810856594,-1.4226977238582643,0.9309338991446605,1.571136827786808,1
0.7708651938869668,2.747109031685757,0.42692689886974566,1.1281267916175997,1
-1.4785862457798415,-0.10188736519707375,0.6914866743923191,1.1382886346791263,0
1.143754043206929,-0.21537865552157154,-1.6754032858550434,2.917376724309139,0
0.3384964074944141,1.3008537958464141,1.8059628407071489,0.35072709252368095,0
-0.4152879139008013,2.722956024143073,1.3539673353720993,0.001112713031782865,1
0.6327818661062848,-0.5237327284675954,1.2203612739826508,0.31739181432433117,0
2.270692857804396,1.0925197747719575,1.29193522016707,0.24576164734957565,0
0.18186625505849516,1.6432247504958595,1.7308420325310454,1.0842201100590398,0
0.24822058630033608,2.0396584108947162,0.17701586445479078,1.0043342770903525,0
-0.8498443694647918,0.44945824137501655,0.46713443141016464,0.016376814174340518,0
0.8303358165442456,-0.24138533097307957,0.9715259746717559,1.3048178060225275,1
-0.8560838259088672,1.129215824569562,0.9516695734161016,0.3908677880144847,0
0.07156623721939247,-0.6082085179784102,0.08579609666752042,1.0937918924881511,1
-0.4776574467651167,-3.3820257252419115,-1.7261651226656878,0.8132343327851879,1
0.47897982574639186,1.6548397062365017,-0.5155482462794887,0.4196617940023343,0
0.3336621052869483,2.355902261629293,1.6830664338534294,0.1445360273752324,0
1.0375399442578992,-2.544398653312758,0.3377956390297041,0.09917843930890066,0
-0.510016398854747,-0.5145960570649062,0.15332777302285372,1.7809283369620303,1
-0.26987493529337125,1.9287313915077966,-0.9245859424712259,2.505895895916186,0
-0.9787637157823074,4.086243204567548,-0.5262043203336844,1.0492167271152297,1
-0.4442932600761116,1.0311905615131118,1.581384356612677,0.1091834971264241,1
0.3773004930448522,-0.09200441184370156,0.6658521901073429,0.5142100392583,1
0.7569886166453519,0.7256553383427398,1.1495481070093314,1.3054121294104903,1
-0.9221653241776254,3.062314628722277,-0.18261830772937948,1.5133139002905691,0
0.8696059201056602,0.031053731313197108,0.5209888778246317,0.12581112477879058,0
1.355637858804951,-0.1987880099753805,-1.0064655650271699,3.0719317215809496e-05,0
0.41343490322370086,0.27588471672695136,0.8218433211339451,1.2452707658526183,1
1.876795812558066,-0.4299929123880686,-0.2895946651866508,0.44098272074788175,1
-0.773789199103573,1.1840054739921932,-0.2298179407410177,0.293675103666677,1
-1.7787202489042786,1.4846189096740436,1.7451224858757066,0.7771798856802494,0
1.496044311489183,0.6214697468105685,-1.7439746135655163,1.904821132251279,1
0.6543656563540577,0.5622830966266839,1.2989729493880304,3.161353569773724,0
-0.05558467091045507,-1.3447862130449857,-0.8304675583512275,0.8341232460949946,0
0.2799686263198203,2.3246646657207384,-0.22432218197448872,0.7224963399222758,1
-1.1254890472983765,0.883244204480797,-1.9123466848999642,0.08889283909093013,0
2.4457519796168263,0.7292801296140615,-0.7958156886627479,0.7960059427533637,0
0.1292211819752275,5.7896613517672915,0.010524970520521926,0.4780020579081002,0
0.10939479460489289,1.4481293625485294,-1.775295690610244,0.9342899525391647,0
0.725766623898692,-0.12768657514277648,-0.03561708246733941,0.4922105442611789,1
0.4810092317367132,0.360463605691685,1.7084425154337093,0.27483050666339476,0
0.22388402427913137,2.722668563795132,-1.5784271275687791,0.0997819661049211,0
-0.7904744554453119,1.1699056158066468,1.0577629123020174,0.3782173888125585,0
0.4714683571359957,-1.15741696747605,-0.36131578649602947,0.10163948538341305,1
1.8820244964750337,2.378843401862805,0.6206948580973521,0.1946738745078903,0
1.3454200461549777,-0.002216128308490939,-0.9590536080590826,4.36900447855589,0
1.593186626639397,3.8099466643263185,-1.3620309498345669,0.5871732555080489,0
-0.5112156764311852,2.6200720985719728,-1.3581495429150943,0.7590130174021007,0
-0.9896048202585809,0.32901715651187324,-1.7180322174274214,2.068450396125348,0
-0.12578692009964815,2.9215245426026692,-1.257413180395028,5.419107529487681,1
0.055724912288694604,1.1017832657911049,0.6568775399558731,0.8739845177801425,1
1.0941915184709485,2.279160512683329,1.5267624473740322,1.6738368222200386,0
-1.6924646297148194,1.7270992259417122,1.2565027423646473,0.3959223221762986,0
1.5295503194606137,-0.26953498248631025,0.7405372394979364,0.3649144491201648,1
-0.15800789857898942,0.034675251523807016,-1.5582725463555893,0.5153420089544921,0
-0.42688106994742003,2.544941226371742,-0.8432502148162007,1.1162894002554693,1
-1.0121043752601675,0.49783700184018875,-0.7607724987101241,1.146306874356436,0
-1.6548566718657693,0.39452730513700496,-1.000172214409515,0.37868604145736356,1
0.07331796718840389,1.6353985983901915,0.1422152595186903,1.0007497048351262,1
-1.2899608997410539,4.093787378864717,-0.5724560993155592,0.13733962008519934,1
-1.295078772063616,-0.6012993713814092,-0.5848433650542559,0.8639177276277925,0
-0.3357846992901282,1.0363291850091372,1.3142223916243254,1.1822834875439825,1
1.669021525289393,3.118330833123144,1.1571713932787424,1.2060132058448962,0
-0.2595913513636048,0.8805379131314273,-0.7688166732770174,1.4002801505590126,0
-1.5031429531181062,1.6785576943746008,1.6551537754930372,2.0624618878984484,1
-0.24574306408594432,-0.5935902922203196,1.8112600680100241,0.6930651678526561,1
-0.2727235697476705,1.642460645811473,-0.6930298318798367,1.3102566703241108,1
-2.6968866429415717,0.7192836024931768,-0.5823002048277806,0.9654093803239628,0
-0.05429486651781221,2.4785949935197946,0.022536613687835327,0.20658138899841824,1
-0.23093453020867796,2.781079077347127,1.764483250134694,0.026025386330002308,1
0.6962063648134184,4.884345463027921,1.5052777325692461,0.3348315232754807,0
1.8489560949453452,1.8694497598203634,-1.5897281496656408,0.5852505549570333,0
1.1265650295477574,1.4886944748732498,-0.42907702691433514,0.9599969453743118,0
-0.26888869055483056,1.291576452366004,0.21348475899908737,1.8968488916563409,0
-1.1065259087416703,0.47025056078396754,0.012529890206160132,0.21846167430754426,1
2.5733598032498604,1.5077257651925366,-1.2245477282524293,0.13415992141991448,1
0.05921843401448826,0.5568978847914559,1.4352670846726188,3.3098937849849777,1
0.013929291912946203,1.2526914644044214,0.7077631319873494,0.11433910210774867,1
-0.024125087110003277,2.9763963034119394,1.3516334994072143,0.6510288812117676,0
0.19808476076785494,-0.5098138479194616,1.4350571173978888,0.8808360648239414,1
-0.14436041192394247,2.7098178416935683,0.993423414662959,0.7795211336363259,0
-0.5736620068802363,2.975672601009798,-0.24315759500113066,0.0899598908963053,1
-0.5468589412403921,0.8228972095133819,0.4421870200616982,0.05871753758696237,0
-0.03275327021599839,-2.182782348512892,-1.3585383755210274,0.11147184905131151,1
-0.543424771133765,0.08826701935835124,0.6945816698996308,0.8808938680938833,0
-0.7128457826771644,2.945491819841664,-1.282986977042877,0.786019088162905,0
0.10643022769189683,0.9656979065516769,0.7757983620406272,0.26623477488612957,1
-0.2549772174208553,-0.4989533484423663,-1.0816073569841254,1.015487344158388,0
1.5039929885826886,0.2428376181576739,-1.52979479939912,1.7151735098465684,1
-2.650969808393012,2.2609300397568295,-1.3388620394281703,0.042468098446434205,0
1.0915068519224618,1.820100352302069,-1.992031459123719,0.6894140444876165,1
1.246085192497629,0.6416018512454585,0.874958471414121,1.1689609749009922,0
-2.0733902324081495,0.44976338227796864,0.9296041962335164,0.2907694027815587,0
-0.34268759408034877,0.4123627764342672,0.05973339965303781,0.36783831643820264,0
-0.37144086599579146,-0.38361527674775386,-1.3545487957784652,0.950980274077799,0
-1.4075116947178212,3.4230635342041627,-1.665782649957241,2.2821482888279534,0
-0.7778166875908753,0.5165192961829902,-1.923484134250852,1.6603334980387972,0
-1.1105758454658288,2.825737781238245,-1.3370072921391172,0.8749813819698303,0
1.7522704434236227,3.2819740778836772,1.563422139932587,1.3101548342128917,0
0.9356783931474612,2.4974663472219403,-1.033852633193273,0.4538507446871991,0
1.2715550949941588,0.3525695309229274,-0.5829146911311374,1.0243368730946447,1
0.7216720640432351,1.605595135504914,-1.5786180620746673,0.6276995561461796,0
-1.1290517712172292,0.9637065904136257,-1.1105547810073189,0.21064219054411348,0
-0.5245202662797737,-0.35555279109519233,0.07689828312082048,1.2097839023553798,1
0.48937456122791806,1.4865389225824046,0.43101073238261023,0.8129777450083195,0
-1.2221278088919454,-0.7685596867397038,-1.0185907433351558,0.4441356404862513,1
0.7129984301723881,2.7815190826923457,-1.7690713630995312,2.422937314568569,0
-0.24032539815813503,0.3030740540524104,-0.4358685234904054,0.02115634333969269,0
-0.3748208075495975,1.3017394838092589,-1.0631865162946634,0.37946576612332916,0
0.7109599682034915,1.4249318073192132,-1.1217843070807922,0.058563233077621187,1
0.44426331148603976,0.611642539443884,1.839451210853821,1.4546901946764357,1
-0.3609661658190799,1.880040702212912,0.46520194370289625,1.211022441777346,0
1.159329803364248,0.28764451506621336,0.22751377268838358,0.40249784290157004,0
-1.0810633275998973,2.3069459461858663,-0.3368995859067123,1.1259718787702626,1
0.6159356069442637,-1.0189695203701228,-0.28422266627942294,0.504077156308529,0
0.5931012579683838,1.1895693693196177,0.1636200153523233,1.4116277237787305,0
-0.3095464393139903,3.908393498587427,0.785719228144429,0.6054727384638724,1
0.326133022242118,-0.5004969869083622,0.8085843847273178,0.5315041718826617,1
-1.251113576385303,-0.016617455787277358,-1.3132243691782017,2.7292214715342706,0
0.924027019206901,1.7708617744883726,0.00045100830650790513,0.28885489312475476,1
-0.18490213644298903,1.2693726729093968,-0.35216761986359213,0.1283418416641144,1
-0.5227230205190395,1.5259451489103388,1.4821078650775368,0.8783764324276201,0
1.0490092258368893,1.7337806952214954,0.5256756848735056,3.4842033747681964,0
-0.7043436905427592,1.952082202842655,0.1300162656639272,0.4745567208171341,0
-1.4084612963635597,2.664549762934335,-1.5384214312843305,0.06404452437809836,1
-1.5566291735239037,1.614727985392769,0.4225515572936458,0.41446337229466074,1
-1.280429352496283,2.008860551804097,-0.6511736977369917,0.17664530519334423,1
1.7547941819843647,3.849822902342823,-1.4286321407426725,1.0732434698001363,0
-2.081929407883722,0.8010493804261396,0.7682945880974756,6.09655354860716,0
1.6964563682900382,-0.46179395700596215,-1.1749915446553896,0.6010046962120925,0
0.2110174672026184,2.6606210039304594,-0.432562507247896,0.4380842084368992,0
-0.09671311187039239,0.8194282540696026,1.5826991104751147,0.5119999243779213,1
-0.5449190868089497,-2.259004319021054,-1.1827344664041188,0.12233282094473484,0
0.39913611435207086,2.2711325157256326,0.03122025583511645,2.147922556412585,1
-0.037634702424848364,0.1970077210691159,-0.32291335533591203,0.5358454514010093,0
1.1033018820165215,0.8642000765437589,-1.927503835817081,0.48983809649414217,0
0.11422764866203965,1.4979704958535218,1.1710324542912511,1.0778991140767757,1
0.1503017614618776,1.2857495196685997,-1.723816374741601,0.5834562125363503,0
-0.36361221221385587,2.064177725708559,-0.1029799160921856,1.044787587099343,0
-0.056945623721067457,0.34677044414523495,0.24271317975579976,0.0634151951107391,0
0.3078017688920592,1.769658697264124,0.5137058264583483,1.6805223110088112,1
-1.7101683926566256,0.6106799836241242,0.7545265172315023,2.8218454035853946,0
-1.348185422105713,2.1082157213312547,-0.9869104659091397,1.046300863306092,0
0.743264094022715,1.92305122601958,-1.9600848933662025,3.0914929897284225,0
0.17086543812794186,-0.403158053066893,0.8937746494196479,0.1642054265641818,0
-0.18398333635267913,2.6289731742625486,0.14262639739031435,0.648969905097928,1
0.01843393306539316,0.19605483232892795,1.344470812828995,0.9208177984579845,0
0.34758170536167105,2.212086697421718,1.2855534516027771,0.8716440147501633,0
-0.5397596803093615,1.5509309701020109,1.3733046711515327,0.5132648948519577,0
-0.7783047254023127,3.757275515192684,-0.05962136008183938,0.41261723777034687,0
0.19584525509768155,0.6648010264422217,-0.6654864166525374,0.13561816562204485,1
-0.978372777615032,0.4760248058227038,1.16623281036548,0.49715688566068117,0
0.40825275571447184,0.9708705911684011,-0.19482354788298029,0.17752605175713917,1
-1.7025836042378404,0.5452303257485869,-1.266231214386262,1.3256346396548662,0
1.0291556373256436,2.199912852913075,1.4198960782458974,0.23424359890036162,0
0.472597482413043,-1.424465912654882,1.530239507089389,0.06035029631193421,1
0.25602973431387566,-0.580523628719531,-0.13476097543931953,0.8037796526293843,0
0.9826909839455139,-0.6017043823687898,-1.6972010907608501,0.9044356141002722,1
1.6654744444625766,2.4254613879603637,-0.44869564033227505,2.0550460368743373,1
1.0143700650181304,3.565920058872888,1.2141506378504134,0.8603396314188838,0
-1.8408742313316453,0.8433261721937928,1.6070961141849147,0.4238544407727264,0
-1.2795769667357015,0.7467674152149841,-1.1861090300096166,1.6246118643793572,1
-0.6248185776956788,1.105078244669772,-1.732105551898914,0.7771352629046919,0
0.026091050210833786,2.7428174539122856,1.5094018125313546,0.08259961546174387,0
0.517659020469123,-0.391029701285861,-0.44238024408449883,0.8343664730746035,0
-0.7257438131534656,1.3575534741021777,0.16704385707025304,2.386168302923454,0
0.18676676447707832,2.4627964446736446,1.8722632482030357,0.5046988069287118,1
-0.7553829323533225,1.7516412549097677,-1.7337410883431086,0.35143981673243974,0
-0.6115178029919482,1.2843724248981152,0.5932720298083822,0.15486530162962842,0
-1.4066610968482223,2.5015691388507117,-1.7035783097005317,0.16422099122496678,1
-0.9232332461109043,-3.0548484394988558,-0.4981242861339985,0.5669930305953179,0
-1.3516846056163336,2.016812979296361,1.215258180773787,0.9055482004430834,0
-0.9758732529773327,0.018886475308864226,-0.2661110689774624,0.08405075142757004,1
1.0536417966078395,-1.7459493452846853,1.9887294156118016,2.8062462599678923,0
-0.949398888831943,1.766803899287471,0.2362371397864087,1.4070425945370488,1
2.632382064837391,3.060487817744437,-0.715351389456186,0.8833974908917387,1
0.4933179008808892,0.7938272280584622,-1.1195546963809875,1.7628144724468804,0
0.1848361236948739,2.429311820804408,-0.5979178628553528,0.08358462608054217,0
-0.8583577801812136,3.418417386982968,-0.5098669049617968,0.6478657891939863,0
0.7003098794089914,2.972371680376071,-1.725145289104156,0.9945039992448852,0
-0.5756378262377739,3.4599467940570894,-0.5217032022929073,1.764063990935424,1
0.12200981464536144,2.1131912366078383,-0.14304592104310032,1.5300241411885498,1
2.5600845382687947,1.1131504583523892,0.8909510089552186,0.324441842480381,0
-0.09605989972464987,-1.402948717845753,0.6269179388864319,2.828188870397797,1
1.1492733262856758,0.6309062678050772,0.835062620916617,0.13278406215222638,1
-0.7031764251258874,-0.26486989297428765,-1.9665452724925716,2.0805110623824747,1
-0.0349884904969617,4.25641407624672,-1.1293304016778558,3.538401210161766,0
1.77080063563551,0.7361712813514951,0.646737153599426,0.1949856366812427,0
-0.6269670577877674,1.1848072101767286,-0.06404252728101145,1.2803718345534119,0
1.8124485579969287,1.8272280640607013,-1.9787460973266162,0.041119454150733085,1
0.7077519354554754,1.0654036695586806,1.2179785697272894,0.5199047565400113,0
0.632407739055521,0.06602595739832207,0.19367665197425055,0.8690380011158257,0
0.9725544496267299,1.291911182855864,-1.7341466968949115,2.747892179878548,0
0.6218099622171964,-0.11370587854707237,1.0660601981303386,1.1155062533479856,0
-1.5702247198904564,-0.9800337668310588,0.3348543509254558,0.6563870907573177,1
-0.7271371758248686,0.08234636364207182,1.1278399086318367,1.6590223323370448,0
-0.24751863555150475,0.944444804427382,1.0069879695833617,3.006445878906102,0
-0.07443342910004629,0.35604666322411005,1.2120082878313485,0.02231324792424268,0
0.620672097550678,-0.038631469810783914,0.07203226561849929,4.046770694929838,0
0.17770100093325383,-1.1094761955077508,-1.43870192722594,0.09006929025930421,0
-1.3353443587101013,0.8753416410569579,0.6846298935187547,1.6840902287788038,0
0.6105857452838231,2.140083945534404,0.9690127487963487,0.14177056472400684,0
0.5597904479310398,1.123659629401755,-1.3204759757970588,0.5795607422488072,0
1.0807807255546218,-1.186327249197396,-1.2200992003988431,1.0327025877237972,0
0.8339221545489041,0.5361863844252048,1.561638068877314,0.4795722145309514,1
0.4591800792284367,-0.12823460838587475,0.9999111938082832,0.05611057178814853,1
-0.07016571145864703,1.4787617656287706,1.6329139548012916,0.9149444876145364,0
-1.6609609335159914,3.010675669034717,1.0348612846556828,2.326911352834198,0
0.42961821913258585,-1.8127587044686169,0.38862122396120746,0.48323536940917805,1
0.20768768716311115,1.1725391187211258,0.6165309481114947,0.2437708100047209,0
0.27157883719537346,0.7598008066500395,1.5565116957600398,0.5844315223719653,1
-1.2767485758203094,2.0070101146756985,0.3152270180477621,0.049571315790151865,1
-1.0810565404082624,1.3197949423565336,0.5295652973135496,1.7175109062049378,0
1.0531528533329035,-0.12795399760822868,-1.3740931359855977,1.7506605841186131,0
-0.03955515385665504,0.5214190965000728,-0.10431511953558914,0.8867330544624384,1
0.6815006973726244,-0.19403878520523365,0.8655884478323959,0.4355680217612903,0
0.028318376130461172,2.6140107078978976,-0.9162292067345383,1.6083553208767813,0
0.02975613949574519,1.0319674730079134,-1.1909832779018603,0.8089779289437241,0
0.9382838059759977,3.851786028629511,-0.7446927671023378,1.7483110240989264,0
-0.5160447282173739,0.9090087792780688,-1.0339974880286662,0.9982027488638807,1
-0.4622752887050425,-1.2705715889192408,-0.30059662852765223,0.912704652593895,1
-0.30917212346863937,-1.3762039145082348,0.028238586954873135,3.168797441431948,0
0.22213377163371284,1.4006899765172252,-1.2483184767387079,0.7789530841603293,0
-0.4787486216634773,1.7630875348449009,-1.6921133224765037,0.9290961689818495,0
1.2557561255735208,-1.3717860530482002,0.7846245805517009,0.2490867335410724,0
-0.8946073022195039,2.3425574711141732,-0.4688049422544487,0.9825661991023144,1
-0.18687164416135904,0.27540842247484076,1.287323786341437,0.8477157965038725,1
-0.4397310582741749,1.220189517978324,0.6380430745630807,0.20436890066951593,0
1.4469778843537329,3.4183309423831365,1.184965802165474,0.061436242028746556,1
0.19655477651157463,2.345258973798298,-0.912215842326205,0.9272488526568421,0
1.0318445394686349,0.5972040281412515,0.7694356898442325,1.4426203799216213,0
-1.485560373036972,-0.3367883381229311,-0.9437520612251249,0.7410805907840918,1
0.26705026586925884,-2.2277231019939574,1.7562739178011664,0.257182127876914,0
0.889630795623437,-0.0787299788636302,0.5454971261334975,1.0981783129283094,1
0.08228398927542419,0.6833046417584583,-0.7019527992986316,0.08349653577071492,1
1.0654803750653512,-0.480769290726776,-0.9219525508309094,0.5830983409318039,0
-0.5172884501003722,0.8031145493615429,-1.236293659713426,0.17836948659944699,1
1.40934744018558,1.1152778244381523,0.7785638355749112,0.20390364488911203,0
2.2988981236192503,0.6627160272878821,-1.1251375480082908,0.22601510673366604,0
-0.36283856043965906,0.024996128764810388,0.3812130637099562,0.48891257309172803,0
-0.4455025214007718,1.2529820079500915,-0.9414598922985706,0.05250477068702344,0
1.453384477117701,1.6629109743541135,0.6478757791754743,0.5071547711457592,1
1.5795721457307124,-0.635598616164269,1.2597589141621568,0.7168405591360867,0
-0.42018681709585726,0.8521178015736074,1.0434053237231269,0.4825363979743863,0
-0.2817846088605072,1.0282744344172714,-1.2491103772309917,1.8272619379891482,0
-1.344450511034277,2.0623216348848357,-1.6464602120619252,0.15703597946105644,1
-0.9186519464841982,1.3498241968952525,0.7957953139495424,0.7046060711557683,0
-1.0041407667520679,2.4297049508698674,-0.5266111448225947,0.06404948548865705,0
-0.7677975651041284,1.4306862478027362,-0.2706150943866108,0.07381413104392162,0
0.23421473253652075,1.5422552878091524,-0.9616942028998032,0.8347531994414878,0
1.5505004928140769,-0.7155893109809925,-1.865294384502144,2.104008967430954,1
-0.998354040738791,1.1628395586647846,1.5167430904049906,0.8161596360639147,0
0.9843223984765838,0.9501550140333088,-1.026413267125878,3.213664935287522,0
-0.21398884422550896,0.6878247140911904,0.2293486782920322,0.04992039345791926,1
-0.04946370965243295,0.8071937328416039,-1.8440827173554784,0.1031492786683796,0
0.6748194921666038,-1.8227735682464585,0.6673895652226323,0.045066261160005054,1
-1.1227220215622986,0.17691263838855775,-0.7078906169836245,0.20490691711102052,0
0.3824097461840506,1.139267351711672,1.5916767478306633,0.7792937191392608,0
0.1664522082130561,1.2397845879961005,1.5524727557361433,1.0372505684881697,1
0.4924512640081491,-0.5415127113889371,-0.6988375265530089,0.04665685713396438,0
0.2891686439078181,2.898561761297051,1.6038435827618716,2.9182323007342883,1
2.4553001399108942,-0.2992622723217513,1.9846306939951153,1.8462074817758742,0
-0.637739984251316,2.454185800790105,1.3016626564957923,0.35184730456045976,0
-0.5309969550018176,1.6407915428075273,1.379485391020916,0.08032923979861893,0
-0.6231405264247644,0.030659035234295473,-1.0039650555636404,0.1861935310837393,0
-0.5554771191602547,3.662966338914268,0.30680959543102526,0.13575605249483727,1
-0.6373871273065177,-0.79045524763472,-1.7309763441305286,0.1315719185614339,0
1.1890165311075518,2.378731260415002,-1.6203282527133211,0.7309771736375726,1
1.4205042479898549,2.5008734770644674,1.9955704481331624,0.2821606005297094,1
-0.5707462937494763,-0.00593031361496732,-0.6934430022963562,0.4433846259688029,0
-0.8323555731042287,3.0886979500964933,0.9927356481953855,4.5568880922286175,0
0.4714155563864041,0.6249302281015708,1.2266602121072658,1.1530080188217788,1
-0.5522230442809712,1.4330404439197855,1.4320930840289168,2.9755506405797605,1
0.6329318177555108,1.390482758156831,1.990513189608626,0.15380005550845108,0
0.2029230208512997,0.7985368877941783,-1.0340140589725286,0.4814925344270289,0
-1.515744114997232,2.216212409739673,-1.8385966925612012,0.8090784891069888,0
1.7958776730955217,-1.6227979598572713,-1.4796773206842122,0.004196235522318335,0
-0.6127886904843862,2.9565103643172286,-1.9102964433517795,1.109979654445863,1
-0.38770155993598415,-1.4937379820535117,-0.5582926914340556,1.02671827660608,0
0.28586539072490497,2.548819306512486,1.1349530043009457,0.5289706027199854,0
0.334456789987025,2.690057705241375,0.26472276490028346,0.672646906542572,0
0.6585442726728304,-0.6364496453227972,-0.7488880431585838,0.5369009845903728,0
2.0102045387663496,0.3837785680681228,0.6173680219708788,0.024297861480855065,0
-0.1769472274940494,-0.6585570027289036,-1.0719272787647571,0.40852720085878513,0
-0.7982972445384537,0.6776184545668971,-1.94247421571166,0.1948990291047084,0
-1.3793192280145272,0.5379485737213882,1.0574135457457094,0.10361114569962758,0
-0.7309300399419191,2.1694907984040097,0.49497233945603636,3.140074669663983,0
-0.033126972873797095,2.9654631191794127,1.04921049800384,0.914691324214182,1
1.7945578635177877,3.093525716184934,-1.8442479332493376,1.304368937895508,0
-0.5176112990361714,0.15674796013254677,1.3484785113226088,0.37886759382407476,0
0.2237879516388985,0.6861671893832083,0.4781048001452133,0.4994689052671303,0
-0.016422896072752075,-1.5251572883314255,0.2535814028505605,0.2703976378446512,1
1.188393273448084,-0.20880509974428318,0.49845619245812633,0.10199470963818114,0
2.5269324258736217,2.4472774496461867,1.4577329874734564,0.1972707055238353,1
-0.5308687729203206,3.4233742353223473,0.3477460262356282,1.5970847543298428,1
-0.48943944251822213,-0.8515233078198832,0.3238015195527173,1.131794184411349,1
1.044160877069072,0.11130361127065869,1.9627166282630633,0.7917061591687815,0
0.6818914896263114,0.9603913645616095,1.026920668274272,0.6445282174574712,1
1.8467073257360336,1.4202417382294101,-0.23082477819545888,2.5566297491075276,0
0.5839281853259639,-0.21440527988246916,0.8295880001317109,0.07551582955861086,0
-0.35929209078705954,1.6360915666961344,-0.44307811323284607,0.3293388781603906,1
0.5906548306923093,0.2892409793936258,-1.084498150066004,0.43068731077157946,0
1.1087035805829077,0.9783215936825813,0.3874075075510377,1.5252153933379458,1
0.820482181197364,1.8194263720055495,1.7127283924558059,4.894803515834493,0
0.5072740311072977,1.0096334047164066,1.716558080061851,0.2753194913782865,1
1.066674689589154,0.345421164210147,-0.6323788875780387,2.0739155114451955,0
1.3821589910375272,0.867455561191997,-1.1534564057205552,0.25445027975285534,0
-0.16711808031685435,0.6118059059993465,1.924471631471743,0.5270784369116337,0
0.14671368643332283,3.3979707557570755,0.5980357188297893,3.826793856464401,0
1.2065089665083568,1.841379171911858,1.2176562387098935,0.199539215290436,0
-0.8169356709872361,0.5567795229562594,0.8604006451348001,1.6052366058191674,1
0.3686733088729012,2.0454316067661034,0.37263287615787277,0.40675501093489513,0
-0.3933388123273607,0.49927076536598514,-1.7866080120444092,1.3125620295359928,0
0.028744822934817487,2.759686956379962,-0.1809426297893557,0.5447461485452169,0
1.2784518626072987,1.554463288297141,0.6991452086696421,0.8636028477808202,0
0.19109906801990334,0.8390467839936566,0.7101264555347386,1.7874394539026432,0
0.04643654815614881,1.6715753887154166,-0.5075095263104656,1.6304856960335479,0
-1.3598561409799192,-1.356314228102749,1.7667679466321222,2.013078562426349,1
0.7462535660272207,-0.6901512033647079,-1.330571871052876,0.06146838586392217,0
0.6454841811410754,-0.790887509598583,0.0014377848622424416,1.1778196427258227,0
2.16325472330546,1.2144146421455602,0.7635359062032911,0.15080821161179953,0
0.21915032766393897,4.346950219288948,0.5945558270752622,0.7953757504501566,1
0.24938368371075526,1.9570766521611358,-0.8988471461925593,0.5154018868145539,1
1.5774532797634744,1.7512667124166854,-1.3751737252535121,0.7331604934076493,0
-0.0952955323869521,-1.7015866012291085,0.5437613073068435,5.662537503605446,0
0.27902152577033923,0.18598930039896744,0.39720846455775094,0.14527703333957548,0
0.6078965097165392,-0.18167562786235836,-1.282575958843036,1.1253342985022865,0
0.1866091231563581,0.06872860262332603,0.8205565822822534,0.5041826810247863,0
-0.44643361455052827,0.7477842721228156,-0.17931203306537435,0.14272760435004184,1
0.19408999289830758,0.29186413345430895,0.6710423664126117,0.17285066367365312,1
1.073631749859772,-1.9689497155636815,1.3494683190806027,2.981299060218834,1
-1.0265152994110602,2.1218653841763007,-1.3210862856923073,2.116948177345498,0
0.132969674146876,-0.6091145386097097,-1.9234205280126533,2.375607074902778,1
-0.7001208149391732,1.3588702961667243,1.1164103455831471,4.771552548634513,0
1.1950466289248425,4.11112400462496,0.43878970061046374,0.23359218618595973,0
-1.5231869047837747,-0.3790768873796351,0.7985582784884868,0.43918633746988384,1
-0.5589218472715883,-2.795431284119495,1.3526198999545702,1.1062988444669863,0
0.37721187506452086,0.5709936671798338,1.211243739298002,0.6612659120131906,0
1.5655240292343404,2.651439452497857,1.8436805877152986,0.5419543566701733,0
-0.0657502610729878,3.937521181330891,0.14374031540847287,0.4428730143527602,1
-0.5551995266931984,-0.8443243916786254,-0.04601746936037854,0.9008619498880007,1
1.8811570694405901,1.7450488348547826,-0.3924512004370797,0.8570633884792471,0
-1.448013900416244,0.30203431482992005,-1.3852358286231818,0.17609041164184422,1
-2.198805956620082,0.8410774685437965,0.2904289315280897,0.6381663846557595,0
0.4400144500533324,4.966515020525552,-0.8919499026960849,0.8062526694871774,0
-1.0212328171307132,1.3806094922418601,0.3327632171083903,0.23585802995824004,1
0.7083564472993533,1.70153975764815,0.37136072203244064,1.3558481556585806,1
0.24380071377119883,2.6286794874090207,-0.5803013564919599,0.025522028652392722,0
-0.5640786307367284,1.146974730206343,-1.79204259208917,0.4382443070794907,1
-1.2803043986708944,1.4620758092561534,-1.8730249385080455,1.5150947843264544,1
0.8724573282801447,0.41252714886731334,-0.30665942338721,0.8298674718767224,1
0.650201177958661,1.403690411867661,-1.6617384876110486,0.30267718261423787,0
-0.09917586377938291,0.4852115867538842,0.4273878221605565,1.1872898071144724,1
1.8466369960476658,1.9323578347840762,1.5238920225586297,0.8379208321549434,0
-1.0700847663261526,0.4455844959345491,1.5316592660748887,1.590830162721796,0
-1.5255251709247388,1.5656505908532798,0.6361816405289296,1.328120499738462,0
-0.6919080698812444,0.9561057794725325,-1.155072674108276,0.9418853013231986,0
-0.045586016355497805,2.689075376158252,1.4519873254354883,0.6697777362601625,0
-0.24123605785632987,-1.659548702310322,-1.2133856601881652,0.30290809273269026,0
0.3520553965142968,2.8928822510709873,0.949704343082709,0.5431757466283815,1
-1.251539424190444,-0.3585984512939284,-0.8539218042915082,0.9145404819714907,0
1.4437646040732595,0.019350492026770194,1.2105612494117186,0.7209457147263106,0
-0.0821511783925688,0.10650805893476178,1.9889515996144107,0.3399365668328845,0
0.34272534637770413,-2.203511320968043,1.5894634631637277,0.6856537702197355,0
0.4567532191537839,5.70662280048999,0.4905221343946322,0.33634862824818296,0
0.5697672802322039,2.584085213599078,1.8935304766592846,1.326548433799724,0
0.44770856001731496,1.3348583711937394,-0.13996192989428957,0.024237638009250363,0
0.6427227598675439,0.9176589990755704,1.389551722285495,0.8790619322876683,0
1.3291525301324314,1.4283311122864855,-1.750423725606891,2.838288237173423,0
0.19652116970147013,1.7816836425690075,-0.6588837996868171,0.19165610901684235,0
0.7090037575885123,1.9678233789250856,-1.7319338489951601,0.6379953722469678,1
-0.08973569428722672,1.8334066990051727,1.9013725339162821,0.09587453001880661,1
1.4401172154494728,1.1343710218828733,1.2678956290873469,0.9826493410644763,1
-0.6763923020592697,0.7039923695390109,1.410189684983882,0.7996899071899204,0
1.8009404329108156,0.7730900745197324,1.7518609257355768,0.5231774683712669,1
-0.04015795064434341,0.7076375794709785,-1.6595860555208586,0.736842092695799,1
-1.4307751021180481,2.7006551453005967,-0.45760962994666654,2.2689052644308823,1
0.12810441491078928,1.8903350834212929,-1.7158604438239915,0.21852212446554634,0
-0.6810516574748808,-3.41058295199642,-1.1568275937998855,0.022822985930000827,1
0.8406435489887241,1.9838511647946415,-1.0825368918493106,1.9780761658092707,1
-0.6526239793023909,1.2921042920781622,-0.12357115580968525,0.8606599287645691,0
-0.4461834332147797,0.9719368653311539,-0.9257513301854297,2.2132788596030046,1
-1.889540730945531,0.4172223203666713,-1.5960875727289556,0.9086828042203382,0
-0.4523063192490767,2.6861690799790203,-1.3300356436235692,1.661579408336042,0
-2.4238793266289567,2.4212896931842867,-1.4108977457916363,0.5615460355367736,0
0.7604146561442974,1.6105784306868027,1.0371700276738944,2.4423239048700602,0
0.7858001586508322,-0.45748510181192903,1.8710458610782479,0.8489194230948064,0
0.42545756178496474,-1.0694272471833957,-0.24103805396836586,0.19940889810627355,0
-0.966976143129213,0.05992416311505222,-0.8865260733493736,0.3130649971273277,0
-0.047711356141979855,2.2935902085741384,1.1931727888367467,0.22145070610729467,0
-0.0036025390905684044,2.42968756806413,-0.6949843278354129,0.28350019881455185,1
1.5033983017671506,2.087643680271996,-1.0699760311686752,0.809981686407669,0
0.8773622905756714,1.7742674306724375,-1.4812840871030586,0.8867116130036374,0
-0.22096417382966393,0.03777760716557166,-0.9741477559329361,0.5559969016837087,0
0.02688583899453078,1.647883817010911,-0.5787210061044492,0.9556054769824742,1
0.20838280794755248,2.2006142878415234,0.6959768325829216,0.08509495153710221,0
-2.0417348684242906,2.1314369947203615,-1.7497406311221937,0.09188311965301504,0
-0.24717738252059693,2.7833700572119646,-1.1579722413386282,0.1885361800532905,0
-0.6819842479977986,2.062455770801596,1.2360945611667056,0.7299719621747885,1
-1.0016200098949155,1.5271723113123743,-1.412312305664917,0.2407917164719208,1
-0.2811002928859549,2.605225357474641,-0.6294194139099138,0.3330761746627114,1
1.7976865268495226,0.9602181111264099,1.4586356874325603,0.5113471533605675,1
0.6408428612670098,-0.3228119768415767,-1.3802987554262294,1.6706014632518276,0
-0.5711789897827968,0.7553995540843541,-1.6690526575272404,0.013959112564237626,0
0.5725827813561586,-0.11735396720967373,-0.06184801967995668,1.048048898270051,0
